recommendation_method,group_size,retention,engagement,CTR,mastery_rate
cf,519,10.341040462427745,0.0,0.0,0.0
fixed,9991,5.714743268942048,30.333333333333332,0.0,0.0
kb,518,4.926640926640927,0.0,0.0,0.0
